Risk_ID,Type,Risk,Category,Cause_Consequence,P_1_5,I_1_5,Score,Level,Probability,Impact_MVND,EMV_MVND,Strategy,Response_Actions,Trigger,Contingency_Plan,Owner,Status,Date_Raised
R01,Mối đe doạ,PayEasy trễ cấp chứng nhận thanh toán,Vendor,Vendor quá tải hồ sơ → chứng nhận trễ → trễ end-to-end và UAT,5,4,=F2*G2,"=IF(H2>=17,""Rất cao"",IF(H2>=10,""Cao"",IF(H2>=5,""Trung bình"",""Thấp"")))",0.9,80,=J2*K2,Mitigate,Crashing thanh toán end-to-end; fast-tracking kiểm thử bảo mật; họp vendor 2 lần/tuần,Vendor báo trễ; sandbox không ổn định,Dùng dự phòng thuê thêm Dev/QA 4 tuần,Hà,Đã xảy ra (T16) → Issue I-006,2025-12-08
R02,Mối đe doạ,Mất Backend senior (Sơn) — bus factor 1,Nguồn lực,Chỉ một người hiểu dịch vụ đơn hàng/thanh toán → nghỉ việc → chậm,5,3,=F3*G3,"=IF(H3>=17,""Rất cao"",IF(H3>=10,""Cao"",IF(H3>=5,""Trung bình"",""Thấp"")))",0.9,36,=J3*K3,Mitigate,Pair Sơn–Backend 2; ADR thanh toán; tài liệu API,Sơn nộp đơn nghỉ,"Điều động Backend bench, kéo dài lịch 2 tuần",Dũng,Đã xảy ra (T14) → Issue I-004,2026-03-02
R03,Mối đe doạ,Sponsor đổi/thêm yêu cầu liên tục,Phạm vi,Ý tưởng mới ngoài phạm vi → scope creep → vượt lịch/ngân sách,4,3,=F4*G4,"=IF(H4>=17,""Rất cao"",IF(H4>=10,""Cao"",IF(H4>=5,""Trung bình"",""Thấp"")))",0.7,40,=J4*K4,Mitigate,Parking lot; CR có đánh giá tác động; out-of-scope tường minh,≥ 2 yêu cầu ngoài phạm vi/tháng,Hoán đổi với hạng mục Could,Hà,Đang theo dõi,2025-12-08
R04,Mối đe doạ,"PO thiếu thời gian, quyết định chậm",Con người,PO ~50% thời gian → backlog thiếu câu trả lời → story không sẵn sàng,3,3,=F5*G5,"=IF(H5>=17,""Rất cao"",IF(H5>=10,""Cao"",IF(H5>=5,""Trung bình"",""Thấp"")))",0.5,24,=J5*K5,Mitigate,Họp đồng bộ cố định 2 lần/tuần; BA đại diện quyết định nhỏ,Story chờ quyết định > 3 ngày,Sponsor uỷ quyền thêm cho BA,Châu,Đang theo dõi,2025-12-08
R05,Mối đe doạ,Theo dõi đơn thời gian thực không đạt hiệu năng,Kỹ thuật,Tải cao → cập nhật vị trí chậm → trải nghiệm kém,3,4,=F6*G6,"=IF(H6>=17,""Rất cao"",IF(H6>=10,""Cao"",IF(H6>=5,""Trung bình"",""Thấp"")))",0.5,60,=J6*K6,Mitigate,Spike sớm; kiểm thử tải theo sprint; caching,Độ trễ p95 > 5 giây ở test,Giảm tần suất cập nhật; polling,Dũng,Đang theo dõi,2026-02-09
R06,Mối đe doạ,Lộ dữ liệu thẻ/PII,Bảo mật,"Lỗ hổng → lộ dữ liệu → phạt, bồi thường, mất khách",1,5,=F7*G7,"=IF(H7>=17,""Rất cao"",IF(H7>=10,""Cao"",IF(H7>=5,""Trung bình"",""Thấp"")))",0.1,800,=J7*K7,Transfer,Tokenization của PayEasy; pentest bên ngoài; mã hoá,Pentest phát hiện lỗ hổng mức cao,Kế hoạch ứng phó sự cố dữ liệu,Dũng,Đang theo dõi,2025-12-08
R07,Mối đe doạ,Nợ kỹ thuật tích luỹ do lịch căng,Kỹ thuật,Bỏ qua refactor → code khó bảo trì → tốn công về sau,4,3,=F8*G8,"=IF(H8>=17,""Rất cao"",IF(H8>=10,""Cao"",IF(H8>=5,""Trung bình"",""Thấp"")))",0.7,32,=J8*K8,Mitigate,Bảng nợ kỹ thuật; dành 10% sprint trả nợ,Coverage giảm 2 sprint liên tiếp,Sprint trả nợ sau UAT,Dũng,Đang theo dõi,2026-02-27
R08,Mối đe doạ,Chi phí bản đồ vượt quota,Vendor,Lưu lượng cao hơn dự kiến → phí tăng,2,2,=F9*G9,"=IF(H9>=17,""Rất cao"",IF(H9>=10,""Cao"",IF(H9>=5,""Trung bình"",""Thấp"")))",0.3,16,=J9*K9,Mitigate,Cache tuyến; giám sát quota,Dùng > 80% quota,Nâng gói với ngân sách dự phòng,Ánh,Đang theo dõi,2026-03-16
R09,Mối đe doạ,iOS bị từ chối/duyệt chậm ở App Store,Bên ngoài,Review 1–3 ngày; có thể từ chối → trễ phát hành,3,3,=F10*G10,"=IF(H10>=17,""Rất cao"",IF(H10>=10,""Cao"",IF(H10>=5,""Trung bình"",""Thấp"")))",0.5,24,=J10*K10,Mitigate,Submit bản beta sớm; checklist review,Bản beta bị từ chối,Phát hành Android trước,Khoa,Đang theo dõi,2026-03-16
R10,Mối đe doạ,Nhà hàng/tài xế không chấp nhận quy trình mới,Người dùng,Đổi cách làm → phản đối → dùng ít,3,4,=F11*G11,"=IF(H11>=17,""Rất cao"",IF(H11>=10,""Cao"",IF(H11>=5,""Trung bình"",""Thấp"")))",0.5,48,=J11*K11,Mitigate,Workshop; đào tạo; nhóm thử nghiệm,Khảo sát < 70% hài lòng,Hỗ trợ tận nơi; điều chỉnh UX,Lan,Đang theo dõi,2026-01-12
R11,Mối đe doạ,Đội CS chưa sẵn sàng khi go-live,Vận hành,Thiếu quy trình → ticket ngập → trải nghiệm xấu,3,3,=F12*G12,"=IF(H12>=17,""Rất cao"",IF(H12>=10,""Cao"",IF(H12>=5,""Trung bình"",""Thấp"")))",0.5,28,=J12*K12,Mitigate,Huy vào đội UAT; kịch bản hỗ trợ; đào tạo,CS chưa hoàn thành đào tạo 3 tuần trước go-live,Tăng ca hỗ trợ hypercare,Hà,Đang theo dõi (giảm từ P4),2026-01-27
R12,Mối đe doạ,Môi trường staging không ổn định,Hạ tầng,Cấu hình lệch prod → lỗi ẩn → UAT trễ,3,3,=F13*G13,"=IF(H13>=17,""Rất cao"",IF(H13>=10,""Cao"",IF(H13>=5,""Trung bình"",""Thấp"")))",0.5,24,=J13*K13,Mitigate,IaC; staging giống prod; giám sát,Lỗi chỉ xảy ra ở prod,Dùng bản sao môi trường,Ánh,Đang theo dõi,2026-03-16
R13,Mối đe doạ,"Người chia sẻ (Mai Anh, Ánh) không đủ giờ",Nguồn lực,Ưu tiên dự án khác → thiết kế/hạ tầng chậm,3,2,=F14*G14,"=IF(H14>=17,""Rất cao"",IF(H14>=10,""Cao"",IF(H14>=5,""Trung bình"",""Thấp"")))",0.5,16,=J14*K14,Accept,Lịch khối; thoả thuận với quản lý họ,Thiết kế trễ > 1 tuần,Điều Designer/DevOps bổ sung,Hà,"Chấp nhận, theo dõi",2026-01-05
R14,Mối đe doạ,Quy định về ví điện tử/dữ liệu thay đổi,Pháp lý,Yêu cầu mới → làm lại/thời gian tuân thủ,3,3,=F15*G15,"=IF(H15>=17,""Rất cao"",IF(H15>=10,""Cao"",IF(H15>=5,""Trung bình"",""Thấp"")))",0.5,32,=J15*K15,Accept,Theo dõi văn bản; cố vấn pháp lý,Có văn bản mới,Điều chỉnh roadmap R2,Hà,"Chấp nhận, theo dõi",2026-02-13
R15,Mối đe doạ,SMS OTP chậm/thất bại,Vendor,Nhà cung cấp lỗi → không đăng nhập được,2,3,=F16*G16,"=IF(H16>=17,""Rất cao"",IF(H16>=10,""Cao"",IF(H16>=5,""Trung bình"",""Thấp"")))",0.3,24,=J16*K16,Transfer,Hợp đồng 2 nhà cung cấp; fallback,Tỷ lệ OTP thành công < 95%,Chuyển nhà cung cấp dự phòng,Dũng,Đang theo dõi,2026-02-09
R16,Mối đe doạ,Nhánh feature sống lâu gây merge conflict lớn,Kỹ thuật,Nhánh dài → merge khó → mất vài ngày,3,3,=F17*G17,"=IF(H17>=17,""Rất cao"",IF(H17>=10,""Cao"",IF(H17>=5,""Trung bình"",""Thấp"")))",0.5,24,=J17*K17,Avoid,Luật nhánh ≤ 5 ngày; PR nhỏ,Nhánh mở > 5 ngày,Dành 2 ngày merge cho cả đội,Dũng,Đang theo dõi,2026-04-13
R17,Mối đe doạ,Vượt ngân sách do crashing và thay thế nhân sự,Chi phí,Dùng dự phòng cho nhiều việc,4,3,=F18*G18,"=IF(H18>=17,""Rất cao"",IF(H18>=10,""Cao"",IF(H18>=5,""Trung bình"",""Thấp"")))",0.7,40,=J18*K18,Mitigate,Theo dõi hằng tuần; quy tắc dùng dự phòng,Dùng > 50% dự phòng trước T30,Cắt phạm vi Could,Hà,Đang theo dõi,2026-04-20
R18,Mối đe doạ,Không đủ người dùng thật cho UAT,Người dùng,Nhà hàng/tài xế bận → UAT thiếu dữ liệu,2,3,=F19*G19,"=IF(H19>=17,""Rất cao"",IF(H19>=10,""Cao"",IF(H19>=5,""Trung bình"",""Thấp"")))",0.3,24,=J19*K19,Mitigate,Lịch UAT đặt trước; bồi dưỡng,< 70% người tham gia xác nhận,Dùng nhóm đại diện nhỏ,Châu,Đang theo dõi,2026-04-06
O01,Cơ hội,Nhà hàng đối tác sẵn sàng beta sớm,Người dùng,Beta sớm → phản hồi thật trước UAT,3,3,=F20*G20,"=IF(H20>=17,""Rất cao"",IF(H20>=10,""Cao"",IF(H20>=5,""Trung bình"",""Thấp"")))",0.5,24,=J20*K20,Enhance,Mời 3 nhà hàng dùng thử staging,Nhà hàng xác nhận,,Lan,Đang khai thác,2026-03-16
O02,Cơ hội,Vendor bản đồ tặng credit khởi đầu,Vendor,Giảm chi phí bản đồ,2,2,=F21*G21,"=IF(H21>=17,""Rất cao"",IF(H21>=10,""Cao"",IF(H21>=5,""Trung bình"",""Thấp"")))",0.3,12,=J21*K21,Exploit,Đàm phán ở lần gia hạn,Vendor xác nhận,,Ánh,Đang theo dõi,2026-03-16
TONG_MOI_DOA,,Tổng EMV mối đe doạ còn hiệu lực,,,,,,,,,"=SUMIFS(L2:L21,B2:B21,""Mối đe doạ"")",,,,,,,
